lcl|NC_002745.2_prot_WP_000475325.1_371	selx	96.059	203	8	0	1	203	1	203	8.59e-146	395	203	204
lcl|NC_002745.2_prot_WP_000669014.1_401	sely	29.130	230	142	10	7	226	3	221	4.75e-12	54.3	226	222
lcl|NC_002745.2_prot_WP_000669014.1_401	tsst-1	32.203	118	69	4	113	225	122	233	4.72e-10	48.5	226	235
lcl|NC_002745.2_prot_WP_000669014.1_401	set	30.233	172	109	7	35	201	26	191	3.99e-09	45.8	226	217
lcl|NC_002745.2_prot_WP_000669014.1_401	selx	34.247	73	46	2	154	225	122	193	5.34e-07	39.3	226	204
lcl|NC_002745.2_prot_WP_000782622.1_402	sel	36.111	72	40	2	120	188	104	172	1.59e-06	38.1	231	241
lcl|NC_002745.2_prot_WP_000782622.1_402	sely	28.169	71	49	1	154	222	147	217	2.04e-06	37.7	231	222
lcl|NC_002745.2_prot_WP_000782622.1_402	Gr9/sel32	27.551	98	49	3	114	199	99	186	2.78e-06	37.4	231	243
lcl|NC_002745.2_prot_WP_000782622.1_402	selv	30.556	108	48	5	116	206	97	194	3.13e-06	37.4	231	240
lcl|NC_002745.2_prot_WP_000782622.1_402	Gr5/sel29p	50.000	32	16	0	157	188	129	160	4.50e-06	36.6	231	226
lcl|NC_002745.2_prot_WP_001056483.1_403	sely	37.838	74	45	1	283	356	149	221	4.71e-12	55.5	356	222
lcl|NC_002745.2_prot_WP_001056483.1_403	selx	50.000	60	23	3	283	338	120	176	9.28e-10	48.5	356	204
lcl|NC_002745.2_prot_WP_001056483.1_403	Gr9/sel32	26.852	108	54	4	244	330	102	205	2.47e-06	38.5	356	243
lcl|NC_002745.2_prot_WP_000705657.1_405	sely	38.462	78	47	1	215	292	145	221	1.96e-13	58.9	292	222
lcl|NC_002745.2_prot_WP_000705657.1_405	selx	46.479	71	35	2	219	287	120	189	3.32e-11	52.4	292	204
lcl|NC_002745.2_prot_WP_000705657.1_405	tsst-1	34.211	76	48	1	218	291	158	233	1.69e-07	41.6	292	235
lcl|NC_002745.2_prot_WP_000705657.1_405	sel	26.400	125	70	3	161	266	84	205	6.15e-06	37.0	292	241
lcl|NC_002745.2_prot_WP_000781349.1_406	tsst-1	31.034	116	74	4	119	233	123	233	6.30e-07	39.3	234	235
lcl|NC_002745.2_prot_WP_000769820.1_407	sely	39.785	93	47	4	120	207	112	200	2.54e-09	46.2	231	222
lcl|NC_002745.2_prot_WP_000769820.1_407	tsst-1	27.014	211	110	8	42	229	45	234	6.90e-08	42.4	231	235
lcl|NC_002745.2_prot_WP_000769820.1_407	selx	40.278	72	41	2	155	225	120	190	5.12e-07	39.3	231	204
lcl|NC_002745.2_prot_WP_000769820.1_407	Gr3/sel27	27.632	76	55	0	106	181	114	189	4.26e-06	37.0	231	250
lcl|NC_002745.2_prot_WP_000769820.1_407	see	32.927	82	48	3	112	189	125	203	4.77e-06	37.0	231	258
lcl|NC_002745.2_prot_WP_000769820.1_407	sea	30.380	79	54	1	112	189	125	203	6.82e-06	36.2	231	258
lcl|NC_002745.2_prot_WP_000673034.1_408	sely	39.655	58	34	1	153	210	144	200	4.82e-09	45.4	232	222
lcl|NC_002745.2_prot_WP_000673034.1_408	tsst-1	34.677	124	59	7	117	231	123	233	6.05e-09	45.4	232	235
lcl|NC_002745.2_prot_WP_000673034.1_408	selx	42.667	75	41	2	158	231	120	193	7.31e-08	42.0	232	204
lcl|NC_002745.2_prot_WP_000673034.1_408	seh	36.364	88	46	3	154	231	148	235	2.10e-07	40.8	232	242
lcl|NC_002745.2_prot_WP_000673034.1_408	Gr11/seh-2p	38.596	57	33	1	154	208	148	204	6.36e-06	36.2	232	238
lcl|NC_002745.2_prot_WP_000778500.1_409	sely	33.673	98	61	3	134	229	123	218	2.42e-09	46.6	232	222
lcl|NC_002745.2_prot_WP_000778500.1_409	seh	35.227	88	47	3	154	231	148	235	1.52e-08	44.3	232	242
lcl|NC_002745.2_prot_WP_000778500.1_409	tsst-1	34.667	75	46	2	160	232	161	234	7.23e-08	42.4	232	235
lcl|NC_002745.2_prot_WP_000778500.1_409	Gr11/seh-2p	43.636	55	29	1	154	206	148	202	2.76e-07	40.4	232	238
lcl|NC_002745.2_prot_WP_000778500.1_409	selx	38.667	75	44	2	158	231	120	193	9.55e-07	38.5	232	204
lcl|NC_002745.2_prot_WP_000673051.1_410	tsst-1	23.246	228	158	7	9	226	13	233	3.69e-11	51.6	227	235
lcl|NC_002745.2_prot_WP_000673051.1_410	sely	38.776	49	29	1	153	201	149	196	1.16e-06	38.5	227	222
lcl|NC_002745.2_prot_WP_000769160.1_414	sely	36.232	69	42	2	157	225	152	218	4.70e-07	39.7	227	222
lcl|NC_002745.2_prot_WP_000769160.1_414	selx	40.541	74	40	3	156	227	122	193	1.71e-06	37.7	227	204
lcl|NC_002745.2_prot_WP_000769160.1_414	sec2	28.824	170	92	9	82	227	97	261	4.23e-06	37.0	227	267
lcl|NC_002745.2_prot_WP_000769160.1_414	tsst-1	30.137	73	50	1	156	227	161	233	5.42e-06	36.6	227	235
lcl|NC_002745.2_prot_WP_000769160.1_414	sec1	28.824	170	92	9	82	227	97	261	6.44e-06	36.2	227	267
lcl|NC_002745.2_prot_WP_000769160.1_414	sec3	28.824	170	92	9	82	227	97	261	6.62e-06	36.2	227	267
lcl|NC_002745.2_prot_WP_000769160.1_414	Gr9/sel32	34.884	86	47	4	96	179	87	165	8.09e-06	35.8	227	243
lcl|NC_002745.2_prot_WP_000769160.1_414	sel	35.227	88	47	5	95	179	85	165	8.90e-06	35.8	227	241
lcl|NC_002745.2_prot_WP_000041897.1_1079	set	34.286	105	53	5	133	234	112	203	3.25e-08	43.1	238	217
lcl|NC_002745.2_prot_WP_000041897.1_1079	sely	26.702	191	109	10	34	212	25	196	2.28e-06	37.7	238	222
lcl|NC_002745.2_prot_WP_001063553.1_1080	ser	29.310	116	63	5	100	201	99	209	5.86e-07	39.7	241	260
lcl|NC_002745.2_prot_WP_001063553.1_1080	seg	30.579	121	65	6	100	206	98	213	7.90e-07	39.3	241	259
lcl|NC_002745.2_prot_WP_001063553.1_1080	selw	25.926	135	75	5	100	212	88	219	1.14e-06	38.9	241	257
lcl|NC_002745.2_prot_WP_001063553.1_1080	set	32.927	82	52	3	133	213	112	191	1.63e-06	38.1	241	217
lcl|NC_002745.2_prot_WP_001063553.1_1080	Gr8/sel31	33.333	126	62	7	101	212	104	221	2.16e-06	38.1	241	256
lcl|NC_002745.2_prot_WP_001063553.1_1080	seb	28.834	163	88	8	100	237	102	261	2.98e-06	37.7	241	267
lcl|NC_002745.2_prot_WP_001063553.1_1080	tsst-1	27.778	216	123	9	16	216	15	212	3.49e-06	37.4	241	235
lcl|NC_002745.2_prot_WP_000739531.1_1081	set	37.363	91	50	4	128	213	103	191	2.60e-09	46.6	241	217
lcl|NC_002745.2_prot_WP_000739531.1_1081	tsst-1	29.130	230	130	11	2	217	3	213	4.62e-08	42.7	241	235
lcl|NC_002745.2_prot_WP_000739531.1_1081	seb	26.994	163	91	7	100	237	102	261	5.56e-07	39.7	241	267
lcl|NC_002745.2_prot_WP_000739531.1_1081	sely	29.762	84	56	3	134	216	119	200	8.85e-06	35.8	241	222
lcl|NC_002745.2_prot_SA_RS15135_1526	Gr1/sel26	88.095	168	20	0	1	168	1	168	1.40e-106	300	251	250
lcl|NC_002745.2_prot_SA_RS15135_1526	Gr6/sel30	40.361	166	95	2	6	168	1	165	2.13e-35	118	251	250
lcl|NC_002745.2_prot_SA_RS15135_1526	sea	36.257	171	99	2	10	170	4	174	1.81e-33	113	251	258
lcl|NC_002745.2_prot_SA_RS15135_1526	sed	35.220	159	101	1	28	184	31	189	3.93e-32	110	251	259
lcl|NC_002745.2_prot_SA_RS15135_1526	see	37.278	169	96	3	10	168	4	172	1.82e-31	108	251	258
lcl|NC_002745.2_prot_SA_RS15135_1526	sep	36.970	165	99	2	9	168	11	175	2.07e-31	108	251	261
lcl|NC_002745.2_prot_SA_RS15135_1526	selj	39.310	145	86	2	28	170	30	174	3.76e-29	102	251	269
lcl|NC_002745.2_prot_SA_RS15135_1526	Gr8/sel31	35.443	158	99	1	12	166	14	171	5.72e-24	88.2	251	256
lcl|NC_002745.2_prot_SA_RS15135_1526	Gr11/seh-2p	33.136	169	104	4	13	181	3	162	1.34e-23	85.5	251	176
lcl|NC_002745.2_prot_SA_RS15135_1526	seh	34.437	151	93	3	33	183	26	170	1.38e-21	81.6	251	242
lcl|NC_002745.2_prot_SA_RS15135_1526	Gr11/seh-2p	33.557	149	93	3	33	181	26	168	2.08e-21	80.9	251	238
lcl|NC_002745.2_prot_SA_RS15135_1526	sen	34.109	129	79	2	60	184	67	193	1.63e-17	70.5	251	259
lcl|NC_002745.2_prot_SA_RS15135_1526	ses	33.600	125	80	1	34	155	40	164	3.32e-17	69.7	251	258
lcl|NC_002745.2_prot_SA_RS15135_1526	seo	35.878	131	65	3	41	152	33	163	8.20e-17	68.6	251	262
lcl|NC_002745.2_prot_SA_RS15135_1526	Gr10/sel33	35.897	117	59	3	60	167	55	164	2.15e-15	64.3	251	250
lcl|NC_002745.2_prot_SA_RS15135_1526	seq	29.545	132	80	3	55	186	56	174	1.15e-12	56.6	251	257
lcl|NC_002745.2_prot_SA_RS15135_1526	seb	26.623	154	101	4	11	153	15	167	1.16e-12	57.0	251	267
lcl|NC_002745.2_prot_SA_RS15135_1526	selu	36.471	85	45	1	65	140	60	144	4.46e-12	55.1	251	262
lcl|NC_002745.2_prot_SA_RS15135_1526	sel	31.633	98	61	1	89	186	70	161	1.26e-11	53.5	251	241
lcl|NC_002745.2_prot_SA_RS15135_1526	sec1	27.211	147	82	6	11	141	15	152	2.16e-11	53.1	251	267
lcl|NC_002745.2_prot_SA_RS15135_1526	selw	34.483	87	43	2	63	140	58	139	3.14e-11	52.4	251	257
lcl|NC_002745.2_prot_SA_RS15135_1526	sec3	26.531	147	83	6	11	141	15	152	2.60e-10	50.1	251	267
lcl|NC_002745.2_prot_SA_RS15135_1526	sec2	26.531	147	83	6	11	141	15	152	3.51e-10	49.7	251	267
lcl|NC_002745.2_prot_SA_RS15135_1526	sem	31.061	132	71	4	59	186	42	157	3.74e-10	49.3	251	240
lcl|NC_002745.2_prot_SA_RS15135_1526	Gr4/sel28	31.461	89	55	2	98	186	63	145	3.47e-09	46.2	251	227
lcl|NC_002745.2_prot_SA_RS15135_1526	selv	30.233	129	70	4	62	186	45	157	5.94e-09	45.8	251	240
lcl|NC_002745.2_prot_SA_RS15135_1526	sek	29.839	124	72	5	64	186	50	159	2.59e-08	43.9	251	243
lcl|NC_002745.2_prot_SA_RS15135_1526	Gr9/sel32	29.825	114	72	3	73	186	56	161	1.03e-07	42.0	251	243
lcl|NC_002745.2_prot_SA_RS15135_1526	Gr5/sel29p	31.818	88	53	3	99	186	69	149	5.15e-07	39.7	251	226
lcl|NC_002745.2_prot_SA_RS15135_1526	ser	30.488	82	47	2	59	133	63	141	5.43e-07	40.0	251	260
lcl|NC_002745.2_prot_SA_RS15135_1526	sei	28.409	88	56	2	99	186	80	160	2.58e-06	37.7	251	243
lcl|NC_002745.2_prot_SA_RS15135_1526	Gr3/sel27	23.022	139	89	4	14	138	3	137	3.45e-06	37.4	251	250
lcl|NC_002745.2_prot_SA_RS15135_1526	seg	29.126	103	52	4	66	156	69	162	4.87e-06	37.0	251	259
lcl|NC_002745.2_prot_WP_000736712.1_1758	seg	100.000	258	0	0	1	258	1	258	0.0	528	258	259
lcl|NC_002745.2_prot_WP_000736712.1_1758	ser	56.420	257	112	0	1	257	2	258	1.71e-111	313	258	260
lcl|NC_002745.2_prot_WP_000736712.1_1758	seb	44.151	265	129	8	4	257	7	263	3.38e-62	188	258	267
lcl|NC_002745.2_prot_WP_000736712.1_1758	sec2	42.366	262	138	7	4	257	7	263	3.90e-60	182	258	267
lcl|NC_002745.2_prot_WP_000736712.1_1758	sec3	42.366	262	138	7	4	257	7	263	4.58e-59	180	258	267
lcl|NC_002745.2_prot_WP_000736712.1_1758	Gr3/sel27	44.314	255	121	8	8	255	6	246	2.65e-58	177	258	250
lcl|NC_002745.2_prot_WP_000736712.1_1758	sec1	41.603	262	140	7	4	257	7	263	1.23e-56	174	258	267
lcl|NC_002745.2_prot_WP_000736712.1_1758	selw	41.004	239	122	6	28	255	23	253	9.94e-52	160	258	257
lcl|NC_002745.2_prot_WP_000736712.1_1758	selu	39.184	245	131	7	23	255	20	258	3.65e-50	157	258	262
lcl|NC_002745.2_prot_WP_000736712.1_1758	ses	35.521	259	145	12	6	255	9	254	5.59e-36	120	258	258
lcl|NC_002745.2_prot_WP_000736712.1_1758	Gr10/sel33	35.193	233	138	6	28	255	23	247	1.02e-35	119	258	250
lcl|NC_002745.2_prot_WP_000736712.1_1758	Gr8/sel31	33.023	215	126	6	49	255	49	253	4.81e-29	102	258	256
lcl|NC_002745.2_prot_WP_000736712.1_1758	sep	30.597	268	160	10	3	257	5	259	5.96e-29	102	258	261
lcl|NC_002745.2_prot_WP_000736712.1_1758	Gr6/sel30	33.810	210	119	8	57	257	51	249	3.32e-28	99.8	258	250
lcl|NC_002745.2_prot_WP_000736712.1_1758	Gr11/seh-2p	30.986	213	134	6	46	257	37	237	2.41e-26	94.4	258	238
lcl|NC_002745.2_prot_WP_000736712.1_1758	selj	32.178	202	119	8	64	257	65	256	6.19e-25	91.3	258	269
lcl|NC_002745.2_prot_WP_000736712.1_1758	seh	34.091	176	105	4	74	249	64	228	8.10e-25	90.5	258	242
lcl|NC_002745.2_prot_WP_000736712.1_1758	see	32.161	199	113	8	69	257	70	256	3.09e-24	89.4	258	258
lcl|NC_002745.2_prot_WP_000736712.1_1758	sen	29.658	263	163	7	1	255	7	255	3.70e-24	89.0	258	259
lcl|NC_002745.2_prot_WP_000736712.1_1758	seo	32.197	264	127	11	19	257	25	261	1.36e-23	87.4	258	262
lcl|NC_002745.2_prot_WP_000736712.1_1758	sea	30.808	198	117	8	69	257	70	256	1.53e-23	87.4	258	258
lcl|NC_002745.2_prot_WP_000736712.1_1758	selv	28.378	222	124	6	49	253	28	231	2.95e-23	86.3	258	240
lcl|NC_002745.2_prot_WP_000736712.1_1758	Gr12/ses-3p	30.126	239	133	7	29	255	20	236	1.04e-22	84.7	258	239
lcl|NC_002745.2_prot_WP_000736712.1_1758	sem	30.180	222	120	6	49	253	28	231	1.20e-22	84.3	258	240
lcl|NC_002745.2_prot_WP_000736712.1_1758	Gr7/ses-2p	33.140	172	97	6	88	255	82	239	8.49e-22	82.4	258	242
lcl|NC_002745.2_prot_WP_000736712.1_1758	Gr11/seh-2p	30.682	176	106	4	9	184	2	161	6.34e-21	78.6	258	176
lcl|NC_002745.2_prot_WP_000736712.1_1758	Gr9/sel32	30.631	222	118	7	49	253	33	235	9.70e-21	79.3	258	243
lcl|NC_002745.2_prot_WP_000736712.1_1758	Gr1/sel26	28.571	266	155	11	1	255	6	247	3.63e-20	77.8	258	250
lcl|NC_002745.2_prot_WP_000736712.1_1758	sed	26.335	281	155	12	1	255	1	255	5.54e-20	77.4	258	259
lcl|NC_002745.2_prot_WP_000736712.1_1758	Gr4/sel28	30.348	201	104	7	72	255	40	221	8.09e-19	73.9	258	227
lcl|NC_002745.2_prot_WP_000736712.1_1758	sei	28.571	224	124	7	47	253	30	234	9.51e-19	73.9	258	243
lcl|NC_002745.2_prot_WP_000736712.1_1758	sek	28.390	236	132	8	37	253	17	234	9.36e-18	71.2	258	243
lcl|NC_002745.2_prot_WP_000736712.1_1758	seq	29.075	227	115	8	49	253	46	248	2.15e-17	70.5	258	257
lcl|NC_002745.2_prot_WP_000736712.1_1758	sel	28.319	226	121	9	48	253	31	235	1.02e-14	62.4	258	241
lcl|NC_002745.2_prot_WP_000736712.1_1758	Gr5/sel29p	27.160	243	113	9	49	253	7	223	6.18e-14	60.1	258	226
lcl|NC_002745.2_prot_WP_001236362.1_1759	sen	100.000	251	0	0	1	251	8	258	0.0	501	251	259
lcl|NC_002745.2_prot_WP_001236362.1_1759	Gr10/sel33	60.985	264	76	7	1	251	1	250	3.07e-100	284	251	250
lcl|NC_002745.2_prot_WP_001236362.1_1759	Gr8/sel31	50.201	249	119	2	3	251	13	256	4.08e-86	248	251	256
lcl|NC_002745.2_prot_WP_001236362.1_1759	ses	48.207	251	119	3	7	249	8	255	1.38e-81	237	251	258
lcl|NC_002745.2_prot_WP_001236362.1_1759	seo	44.167	240	130	2	14	249	21	260	1.94e-65	196	251	262
lcl|NC_002745.2_prot_WP_001236362.1_1759	sea	39.526	253	142	5	3	249	8	255	6.37e-59	179	251	258
lcl|NC_002745.2_prot_WP_001236362.1_1759	Gr7/ses-2p	46.119	219	112	2	31	249	28	240	6.99e-59	178	251	242
lcl|NC_002745.2_prot_WP_001236362.1_1759	Gr12/ses-3p	47.032	219	110	2	31	249	25	237	1.29e-58	177	251	239
lcl|NC_002745.2_prot_WP_001236362.1_1759	see	39.442	251	145	4	3	249	8	255	1.92e-58	178	251	258
lcl|NC_002745.2_prot_WP_001236362.1_1759	sep	41.270	252	138	6	3	249	12	258	7.98e-56	171	251	261
lcl|NC_002745.2_prot_WP_001236362.1_1759	sed	38.583	254	148	5	1	250	8	257	9.80e-54	166	251	259
lcl|NC_002745.2_prot_WP_001236362.1_1759	Gr6/sel30	39.024	246	143	4	9	249	5	248	1.88e-51	159	251	250
lcl|NC_002745.2_prot_WP_001236362.1_1759	selj	41.379	232	127	5	23	249	28	255	2.23e-51	160	251	269
lcl|NC_002745.2_prot_WP_001236362.1_1759	Gr1/sel26	36.475	244	146	5	9	250	13	249	3.76e-42	135	251	250
lcl|NC_002745.2_prot_WP_001236362.1_1759	Gr11/seh-2p	39.565	230	124	7	21	249	21	236	4.56e-42	135	251	238
lcl|NC_002745.2_prot_WP_001236362.1_1759	seh	46.951	164	82	4	87	249	77	236	1.54e-41	134	251	242
lcl|NC_002745.2_prot_WP_001236362.1_1759	seb	32.700	263	156	7	2	248	4	261	6.67e-30	104	251	267
lcl|NC_002745.2_prot_WP_001236362.1_1759	seg	32.653	245	143	8	18	248	19	255	2.73e-28	99.8	251	259
lcl|NC_002745.2_prot_WP_001236362.1_1759	Gr11/seh-2p	37.059	170	96	4	9	178	3	161	8.23e-27	94.0	251	176
lcl|NC_002745.2_prot_WP_001236362.1_1759	selw	30.545	275	146	13	1	250	1	255	9.24e-25	90.5	251	257
lcl|NC_002745.2_prot_WP_001236362.1_1759	ser	31.474	251	148	9	13	248	15	256	2.15e-24	89.4	251	260
lcl|NC_002745.2_prot_WP_001236362.1_1759	selu	29.927	274	154	11	1	250	1	260	2.16e-24	89.4	251	262
lcl|NC_002745.2_prot_WP_001236362.1_1759	selv	27.626	257	141	10	6	246	4	231	9.13e-23	84.7	251	240
lcl|NC_002745.2_prot_WP_001236362.1_1759	sec3	29.658	263	164	9	2	248	4	261	3.12e-22	83.6	251	267
lcl|NC_002745.2_prot_WP_001236362.1_1759	sel	30.556	180	101	5	83	246	64	235	5.75e-22	82.4	251	241
lcl|NC_002745.2_prot_WP_001236362.1_1759	sec2	30.303	198	125	5	62	248	66	261	2.10e-21	81.6	251	267
lcl|NC_002745.2_prot_WP_001236362.1_1759	sem	27.547	265	142	11	6	251	4	237	5.45e-21	79.7	251	240
lcl|NC_002745.2_prot_WP_001236362.1_1759	Gr3/sel27	28.253	269	153	10	1	250	1	248	1.32e-20	79.0	251	250
lcl|NC_002745.2_prot_WP_001236362.1_1759	seq	31.073	177	97	5	86	246	81	248	2.03e-20	78.6	251	257
lcl|NC_002745.2_prot_WP_001236362.1_1759	sec1	29.949	197	125	5	63	248	67	261	3.68e-20	78.2	251	267
lcl|NC_002745.2_prot_WP_001236362.1_1759	sei	31.285	179	98	6	84	246	65	234	5.16e-20	77.4	251	243
lcl|NC_002745.2_prot_WP_001236362.1_1759	Gr9/sel32	33.333	171	88	6	92	246	75	235	2.42e-18	72.8	251	243
lcl|NC_002745.2_prot_WP_001236362.1_1759	Gr4/sel28	28.415	183	107	7	82	248	47	221	6.71e-17	68.6	251	227
lcl|NC_002745.2_prot_WP_001236362.1_1759	Gr5/sel29p	32.370	173	88	8	93	246	61	223	1.92e-16	67.0	251	226
lcl|NC_002745.2_prot_WP_001236362.1_1759	sek	31.707	164	86	7	100	246	80	234	8.55e-16	65.5	251	243
lcl|NC_002745.2_prot_SA_RS15170_1760	selw	99.187	123	1	0	1	123	1	123	6.39e-87	251	257	257
lcl|NC_002745.2_prot_SA_RS15170_1760	Gr10/sel33	98.374	123	2	0	1	123	1	123	1.78e-86	249	257	250
lcl|NC_002745.2_prot_SA_RS15170_1760	selu	92.969	128	4	1	1	123	1	128	7.75e-83	240	257	262
lcl|NC_002745.2_prot_SA_RS15170_1760	seb	47.059	119	57	2	3	116	13	130	3.74e-33	113	257	267
lcl|NC_002745.2_prot_SA_RS15170_1760	sec3	46.429	112	54	2	3	109	13	123	3.65e-30	105	257	267
lcl|NC_002745.2_prot_SA_RS15170_1760	sec1	46.429	112	54	2	3	109	13	123	9.94e-30	103	257	267
lcl|NC_002745.2_prot_SA_RS15170_1760	sec2	45.536	112	55	2	3	109	13	123	6.42e-29	102	257	267
lcl|NC_002745.2_prot_SA_RS15170_1760	Gr3/sel27	42.857	119	63	4	1	117	1	116	5.17e-19	74.7	257	250
lcl|NC_002745.2_prot_SA_RS15170_1760	ser	38.889	108	57	3	4	106	14	117	1.04e-18	73.9	257	260
lcl|NC_002745.2_prot_SA_RS15170_1760	seg	33.654	104	62	3	20	116	23	126	1.61e-13	59.3	257	259
lcl|NC_002745.2_prot_SA_RS15170_1760	sea	35.433	127	66	7	1	112	1	126	1.09e-11	53.9	257	258
lcl|NC_002745.2_prot_SA_RS15170_1760	Gr11/seh-2p	31.008	129	72	4	15	127	7	134	2.48e-11	52.0	257	176
lcl|NC_002745.2_prot_SA_RS15170_1760	see	33.858	127	68	7	1	112	1	126	4.78e-10	49.3	257	258
lcl|NC_002745.2_prot_SA_RS15170_1760	seh	37.209	86	50	3	24	106	22	106	2.47e-09	47.0	257	242
lcl|NC_002745.2_prot_SA_RS15170_1760	selj	36.170	94	51	5	21	106	28	120	4.20e-09	46.2	257	269
lcl|NC_002745.2_prot_SA_RS15170_1760	Gr11/seh-2p	30.000	120	67	4	24	127	22	140	2.39e-08	43.9	257	238
lcl|NC_002745.2_prot_SA_RS15170_1760	Gr1/sel26	39.683	63	33	2	55	112	60	122	8.78e-08	42.4	257	250
lcl|NC_002745.2_prot_SA_RS15170_1760	sed	32.967	91	52	4	25	107	33	122	2.70e-07	40.8	257	259
lcl|NC_002745.2_prot_SA_RS15170_1760	Gr6/sel30	36.364	88	48	4	27	106	26	113	3.56e-06	37.4	257	250
lcl|NC_002745.2_prot_SA_RS15170_1760	Gr8/sel31	31.522	92	55	4	23	106	30	121	4.52e-06	37.0	257	256
lcl|NC_002745.2_prot_SA_RS15170_1760	seo	36.667	60	30	2	56	107	69	128	5.32e-06	37.0	257	262
lcl|NC_002745.2_prot_WP_000713847.1_1761	sei	100.000	242	0	0	1	242	1	242	1.52e-180	486	242	243
lcl|NC_002745.2_prot_WP_000713847.1_1761	sek	72.146	219	60	1	24	241	23	241	1.39e-117	327	242	243
lcl|NC_002745.2_prot_WP_000713847.1_1761	selv	68.511	235	73	1	9	242	5	239	5.74e-117	325	242	240
lcl|NC_002745.2_prot_WP_000713847.1_1761	Gr5/sel29p	63.274	226	81	1	14	237	1	226	9.20e-101	284	242	226
lcl|NC_002745.2_prot_WP_000713847.1_1761	Gr4/sel28	60.930	215	83	1	24	237	8	222	1.35e-94	268	242	227
lcl|NC_002745.2_prot_WP_000713847.1_1761	seq	59.664	238	93	2	2	238	17	252	3.34e-94	268	242	257
lcl|NC_002745.2_prot_WP_000713847.1_1761	sem	57.082	233	99	1	9	240	5	237	6.68e-93	265	242	240
lcl|NC_002745.2_prot_WP_000713847.1_1761	sel	55.882	238	104	1	1	237	1	238	4.77e-92	262	242	241
lcl|NC_002745.2_prot_WP_000713847.1_1761	Gr9/sel32	58.333	216	90	0	24	239	25	240	1.46e-87	251	242	243
lcl|NC_002745.2_prot_WP_000713847.1_1761	sea	39.205	176	88	3	66	234	89	252	6.19e-38	124	242	258
lcl|NC_002745.2_prot_WP_000713847.1_1761	selj	34.513	226	115	5	26	234	43	252	2.08e-37	124	242	269
lcl|NC_002745.2_prot_WP_000713847.1_1761	see	38.068	176	90	4	66	234	89	252	2.50e-35	118	242	258
lcl|NC_002745.2_prot_WP_000713847.1_1761	sep	38.068	176	90	4	66	234	92	255	1.47e-33	113	242	261
lcl|NC_002745.2_prot_WP_000713847.1_1761	Gr6/sel30	39.205	176	88	5	66	234	82	245	2.17e-32	110	242	250
lcl|NC_002745.2_prot_WP_000713847.1_1761	sed	36.571	175	92	4	67	234	91	253	1.52e-31	108	242	259
lcl|NC_002745.2_prot_WP_000713847.1_1761	Gr8/sel31	34.862	218	112	8	32	234	49	251	1.04e-25	92.8	242	256
lcl|NC_002745.2_prot_WP_000713847.1_1761	ses	33.641	217	113	8	32	234	53	252	1.75e-23	86.7	242	258
lcl|NC_002745.2_prot_WP_000713847.1_1761	seh	33.505	194	102	6	50	236	62	235	5.18e-23	85.1	242	242
lcl|NC_002745.2_prot_WP_000713847.1_1761	Gr11/seh-2p	31.754	211	117	6	31	234	43	233	1.71e-22	83.6	242	238
lcl|NC_002745.2_prot_WP_000713847.1_1761	Gr1/sel26	34.568	162	84	4	80	234	99	245	2.60e-22	83.6	242	250
lcl|NC_002745.2_prot_WP_000713847.1_1761	seo	33.951	162	86	5	80	234	110	257	3.77e-21	80.5	242	262
lcl|NC_002745.2_prot_WP_000713847.1_1761	sen	31.285	179	98	6	65	234	91	253	6.52e-20	77.0	242	259
lcl|NC_002745.2_prot_WP_000713847.1_1761	seg	28.571	224	124	7	30	234	47	253	1.05e-18	73.6	242	259
lcl|NC_002745.2_prot_WP_000713847.1_1761	Gr10/sel33	29.213	267	134	12	1	234	1	245	2.02e-17	70.1	242	250
lcl|NC_002745.2_prot_WP_000713847.1_1761	ser	30.978	184	95	5	70	237	90	257	3.49e-17	69.3	242	260
lcl|NC_002745.2_prot_WP_000713847.1_1761	Gr11/seh-2p	32.335	167	90	5	7	155	1	162	1.19e-16	66.6	242	176
lcl|NC_002745.2_prot_WP_000713847.1_1761	Gr12/ses-3p	31.844	179	92	7	66	234	76	234	6.07e-16	65.9	242	239
lcl|NC_002745.2_prot_WP_000713847.1_1761	selu	30.303	198	98	7	64	237	78	259	8.12e-16	65.9	242	262
lcl|NC_002745.2_prot_WP_000713847.1_1761	seb	31.720	186	91	8	71	237	94	262	9.58e-16	65.5	242	267
lcl|NC_002745.2_prot_WP_000713847.1_1761	selw	29.348	276	134	12	1	237	1	254	3.70e-15	63.9	242	257
lcl|NC_002745.2_prot_WP_000713847.1_1761	Gr7/ses-2p	30.857	175	91	7	70	234	83	237	5.54e-15	63.2	242	242
lcl|NC_002745.2_prot_WP_000713847.1_1761	sec2	27.273	275	143	13	3	237	5	262	5.19e-13	57.8	242	267
lcl|NC_002745.2_prot_WP_000713847.1_1761	sec3	27.586	232	127	11	30	237	48	262	1.58e-12	56.2	242	267
lcl|NC_002745.2_prot_WP_000713847.1_1761	sec1	30.114	176	89	9	80	237	103	262	1.22e-11	53.5	242	267
lcl|NC_002745.2_prot_WP_000713847.1_1761	Gr3/sel27	26.554	177	91	6	81	237	90	247	1.42e-10	50.4	242	250
lcl|NC_002745.2_prot_WP_000821658.1_1762	sem	92.469	239	18	0	1	239	1	239	6.00e-167	452	239	240
lcl|NC_002745.2_prot_WP_000821658.1_1762	selv	89.030	237	26	0	1	237	1	237	3.49e-158	430	239	240
lcl|NC_002745.2_prot_WP_000821658.1_1762	seq	60.851	235	90	2	3	236	20	253	1.82e-99	281	239	257
lcl|NC_002745.2_prot_WP_000821658.1_1762	Gr4/sel28	60.930	215	84	0	20	234	8	222	3.51e-98	277	239	227
lcl|NC_002745.2_prot_WP_000821658.1_1762	Gr9/sel32	61.574	216	82	1	20	235	25	239	1.86e-96	273	239	243
lcl|NC_002745.2_prot_WP_000821658.1_1762	sei	58.369	233	96	1	5	237	9	240	5.32e-96	272	239	243
lcl|NC_002745.2_prot_WP_000821658.1_1762	sek	58.482	224	91	2	15	237	18	240	1.24e-88	254	239	243
lcl|NC_002745.2_prot_WP_000821658.1_1762	sel	54.852	237	102	4	2	234	3	238	1.49e-83	241	239	241
lcl|NC_002745.2_prot_WP_000821658.1_1762	Gr5/sel29p	54.626	227	100	2	10	234	1	226	1.79e-82	238	239	226
lcl|NC_002745.2_prot_WP_000821658.1_1762	sed	44.099	161	72	4	77	231	105	253	7.45e-37	122	239	259
lcl|NC_002745.2_prot_WP_000821658.1_1762	Gr6/sel30	34.646	254	127	10	5	231	4	245	3.63e-36	120	239	250
lcl|NC_002745.2_prot_WP_000821658.1_1762	sea	37.931	174	90	3	64	231	91	252	3.15e-35	117	239	258
lcl|NC_002745.2_prot_WP_000821658.1_1762	see	37.952	166	85	3	72	231	99	252	1.04e-34	116	239	258
lcl|NC_002745.2_prot_WP_000821658.1_1762	selj	37.356	174	91	3	64	231	91	252	7.51e-33	111	239	269
lcl|NC_002745.2_prot_WP_000821658.1_1762	sep	37.349	166	86	3	72	231	102	255	2.04e-32	110	239	261
lcl|NC_002745.2_prot_WP_000821658.1_1762	Gr8/sel31	28.788	264	139	10	1	231	4	251	1.30e-26	95.1	239	256
lcl|NC_002745.2_prot_WP_000821658.1_1762	seh	32.273	220	116	9	27	233	36	235	2.21e-24	88.6	239	242
lcl|NC_002745.2_prot_WP_000821658.1_1762	Gr11/seh-2p	31.111	225	118	8	22	231	31	233	7.19e-24	87.4	239	238
lcl|NC_002745.2_prot_WP_000821658.1_1762	sen	28.030	264	142	11	4	237	13	258	6.02e-23	85.1	239	259
lcl|NC_002745.2_prot_WP_000821658.1_1762	Gr1/sel26	31.395	172	97	3	66	231	89	245	8.15e-23	84.7	239	250
lcl|NC_002745.2_prot_WP_000821658.1_1762	selw	31.818	242	123	10	20	236	32	256	1.46e-22	84.0	239	257
lcl|NC_002745.2_prot_WP_000821658.1_1762	ses	32.124	193	102	7	51	231	77	252	4.53e-22	82.8	239	258
lcl|NC_002745.2_prot_WP_000821658.1_1762	seg	28.378	222	124	6	28	231	49	253	7.07e-22	82.4	239	259
lcl|NC_002745.2_prot_WP_000821658.1_1762	selu	33.023	215	99	8	51	236	63	261	7.63e-22	82.4	239	262
lcl|NC_002745.2_prot_WP_000821658.1_1762	Gr10/sel33	29.958	237	129	10	20	237	32	250	2.56e-21	80.5	239	250
lcl|NC_002745.2_prot_WP_000821658.1_1762	ser	31.683	202	104	5	51	234	72	257	9.59e-21	79.3	239	260
lcl|NC_002745.2_prot_WP_000821658.1_1762	seo	31.609	174	95	5	66	231	100	257	1.84e-19	75.9	239	262
lcl|NC_002745.2_prot_WP_000821658.1_1762	sec2	30.476	210	107	8	51	237	72	265	2.71e-19	75.5	239	267
lcl|NC_002745.2_prot_WP_000821658.1_1762	sec3	30.000	210	108	8	51	237	72	265	4.43e-19	74.7	239	267
lcl|NC_002745.2_prot_WP_000821658.1_1762	sec1	26.838	272	144	11	4	237	11	265	1.97e-18	73.2	239	267
lcl|NC_002745.2_prot_WP_000821658.1_1762	seb	29.752	242	119	9	14	236	55	264	8.34e-18	71.2	239	267
lcl|NC_002745.2_prot_WP_000821658.1_1762	Gr11/seh-2p	30.864	162	91	5	5	152	8	162	8.71e-17	67.0	239	176
lcl|NC_002745.2_prot_WP_000821658.1_1762	Gr12/ses-3p	29.121	182	100	7	59	231	73	234	4.56e-16	65.9	239	239
lcl|NC_002745.2_prot_WP_000821658.1_1762	Gr7/ses-2p	30.488	164	85	7	77	231	94	237	2.37e-14	61.2	239	242
lcl|NC_002745.2_prot_WP_000821658.1_1762	Gr3/sel27	28.319	226	129	6	28	236	40	249	2.74e-12	55.5	239	250
lcl|NC_002745.2_prot_WP_010922839.1_1763	seo	99.615	260	1	0	1	260	2	261	0.0	528	260	262
lcl|NC_002745.2_prot_WP_010922839.1_1763	ses	44.106	263	137	5	1	260	1	256	3.72e-67	200	260	258
lcl|NC_002745.2_prot_WP_010922839.1_1763	sen	41.923	260	146	3	1	259	1	256	3.06e-60	182	260	259
lcl|NC_002745.2_prot_WP_010922839.1_1763	Gr8/sel31	39.216	255	148	3	6	260	8	255	1.31e-56	173	260	256
lcl|NC_002745.2_prot_WP_010922839.1_1763	Gr10/sel33	39.300	257	136	4	12	259	3	248	7.80e-56	171	260	250
lcl|NC_002745.2_prot_WP_010922839.1_1763	selj	42.857	238	124	6	28	260	26	256	1.47e-51	160	260	269
lcl|NC_002745.2_prot_WP_010922839.1_1763	Gr6/sel30	40.637	251	134	7	17	260	7	249	2.48e-50	157	260	250
lcl|NC_002745.2_prot_WP_010922839.1_1763	Gr7/ses-2p	40.756	238	120	3	28	259	18	240	7.87e-50	155	260	242
lcl|NC_002745.2_prot_WP_010922839.1_1763	Gr12/ses-3p	42.174	230	118	5	33	259	20	237	9.08e-49	152	260	239
lcl|NC_002745.2_prot_WP_010922839.1_1763	sed	39.382	259	144	8	8	259	4	256	1.59e-48	152	260	259
lcl|NC_002745.2_prot_WP_010922839.1_1763	sep	36.782	261	143	7	12	260	9	259	9.57e-47	148	260	261
lcl|NC_002745.2_prot_WP_010922839.1_1763	see	38.376	271	141	9	1	260	1	256	3.84e-46	146	260	258
lcl|NC_002745.2_prot_WP_010922839.1_1763	sea	37.121	264	148	6	5	260	3	256	5.35e-46	146	260	258
lcl|NC_002745.2_prot_WP_010922839.1_1763	seb	36.431	269	149	9	5	260	4	263	1.14e-41	135	260	267
lcl|NC_002745.2_prot_WP_010922839.1_1763	Gr1/sel26	39.583	192	108	4	70	259	63	248	1.52e-38	126	260	250
lcl|NC_002745.2_prot_WP_010922839.1_1763	sec3	34.328	268	156	8	5	260	4	263	1.96e-36	121	260	267
lcl|NC_002745.2_prot_WP_010922839.1_1763	sec1	33.704	270	159	8	3	260	2	263	2.24e-36	121	260	267
lcl|NC_002745.2_prot_WP_010922839.1_1763	sec2	33.704	270	159	8	3	260	2	263	3.15e-35	118	260	267
lcl|NC_002745.2_prot_WP_010922839.1_1763	Gr11/seh-2p	36.245	229	132	8	33	260	22	237	7.43e-35	117	260	238
lcl|NC_002745.2_prot_WP_010922839.1_1763	selw	32.836	268	148	8	8	258	1	253	3.30e-34	115	260	257
lcl|NC_002745.2_prot_WP_010922839.1_1763	ser	35.556	270	146	10	7	260	1	258	9.80e-34	114	260	260
lcl|NC_002745.2_prot_WP_010922839.1_1763	selu	34.146	246	133	8	32	258	23	258	3.86e-33	113	260	262
lcl|NC_002745.2_prot_WP_010922839.1_1763	seh	35.808	229	133	8	33	260	22	237	7.89e-32	108	260	242
lcl|NC_002745.2_prot_WP_010922839.1_1763	Gr3/sel27	32.171	258	151	8	11	258	3	246	2.43e-29	102	260	250
lcl|NC_002745.2_prot_WP_010922839.1_1763	sel	36.364	176	88	4	97	256	68	235	2.96e-29	102	260	241
lcl|NC_002745.2_prot_WP_010922839.1_1763	seq	37.288	177	84	6	97	256	82	248	2.94e-27	97.4	260	257
lcl|NC_002745.2_prot_WP_010922839.1_1763	Gr9/sel32	39.506	162	77	5	109	256	81	235	1.44e-25	92.4	260	243
lcl|NC_002745.2_prot_WP_010922839.1_1763	seg	31.907	257	124	10	30	260	26	257	2.05e-23	87.0	260	259
lcl|NC_002745.2_prot_WP_010922839.1_1763	Gr5/sel29p	28.862	246	123	11	38	256	3	223	3.06e-23	85.9	260	226
lcl|NC_002745.2_prot_WP_010922839.1_1763	Gr4/sel28	33.516	182	97	5	93	258	48	221	4.39e-23	85.5	260	227
lcl|NC_002745.2_prot_WP_010922839.1_1763	sek	35.185	162	83	6	110	256	80	234	1.01e-22	84.7	260	243
lcl|NC_002745.2_prot_WP_010922839.1_1763	selv	34.254	181	92	6	90	256	64	231	2.61e-22	83.6	260	240
lcl|NC_002745.2_prot_WP_010922839.1_1763	sei	33.951	162	86	5	109	256	80	234	3.92e-21	80.5	260	243
lcl|NC_002745.2_prot_WP_010922839.1_1763	Gr11/seh-2p	35.256	156	91	5	33	188	16	161	4.35e-21	79.0	260	176
lcl|NC_002745.2_prot_WP_010922839.1_1763	sem	29.771	262	133	11	12	256	4	231	1.71e-19	75.9	260	240
lcl|NC_002745.2_prot_WP_000034846.1_1893	sep	99.615	260	1	0	1	260	1	260	0.0	535	260	261
lcl|NC_002745.2_prot_WP_000034846.1_1893	see	78.599	257	55	0	4	260	1	257	7.97e-153	418	260	258
lcl|NC_002745.2_prot_WP_000034846.1_1893	sea	77.432	257	58	0	4	260	1	257	3.30e-148	406	260	258
lcl|NC_002745.2_prot_WP_000034846.1_1893	selj	59.922	257	103	0	4	260	1	257	4.11e-107	302	260	269
lcl|NC_002745.2_prot_WP_000034846.1_1893	Gr6/sel30	58.333	228	94	1	33	259	22	249	2.47e-98	280	260	250
lcl|NC_002745.2_prot_WP_000034846.1_1893	sed	50.199	251	123	2	10	258	6	256	5.61e-87	251	260	259
lcl|NC_002745.2_prot_WP_000034846.1_1893	ses	40.230	261	145	8	2	259	4	256	6.76e-60	182	260	258
lcl|NC_002745.2_prot_WP_000034846.1_1893	Gr1/sel26	38.400	250	146	3	11	260	9	250	3.71e-58	177	260	250
lcl|NC_002745.2_prot_WP_000034846.1_1893	Gr8/sel31	36.226	265	153	6	1	259	1	255	1.59e-50	157	260	256
lcl|NC_002745.2_prot_WP_000034846.1_1893	sen	43.814	194	103	3	67	258	67	256	3.17e-49	154	260	259
lcl|NC_002745.2_prot_WP_000034846.1_1893	seo	38.115	244	133	6	26	259	26	261	6.34e-45	143	260	262
lcl|NC_002745.2_prot_WP_000034846.1_1893	Gr11/seh-2p	37.778	225	128	7	36	259	24	237	6.59e-40	130	260	238
lcl|NC_002745.2_prot_WP_000034846.1_1893	Gr10/sel33	35.206	267	142	11	4	258	1	248	4.61e-39	128	260	250
lcl|NC_002745.2_prot_WP_000034846.1_1893	seh	37.168	226	128	7	36	259	24	237	2.65e-38	125	260	242
lcl|NC_002745.2_prot_WP_000034846.1_1893	seb	34.351	262	152	9	10	259	10	263	1.19e-35	119	260	267
lcl|NC_002745.2_prot_WP_000034846.1_1893	Gr5/sel29p	39.375	160	78	4	108	255	71	223	2.27e-34	115	260	226
lcl|NC_002745.2_prot_WP_000034846.1_1893	seq	40.000	160	77	3	108	255	96	248	3.48e-34	115	260	257
lcl|NC_002745.2_prot_WP_000034846.1_1893	Gr4/sel28	38.636	176	90	4	94	257	52	221	3.80e-34	114	260	227
lcl|NC_002745.2_prot_WP_000034846.1_1893	sei	38.068	176	90	4	92	255	66	234	1.65e-33	113	260	243
lcl|NC_002745.2_prot_WP_000034846.1_1893	sek	33.484	221	119	7	49	255	28	234	4.90e-33	112	260	243
lcl|NC_002745.2_prot_WP_000034846.1_1893	Gr9/sel32	40.994	161	76	4	107	255	82	235	2.48e-32	110	260	243
lcl|NC_002745.2_prot_WP_000034846.1_1893	sel	37.500	160	82	2	108	255	82	235	3.54e-32	110	260	241
lcl|NC_002745.2_prot_WP_000034846.1_1893	Gr7/ses-2p	33.036	224	141	6	36	258	25	240	8.40e-31	106	260	242
lcl|NC_002745.2_prot_WP_000034846.1_1893	sem	37.888	161	82	3	107	255	77	231	1.10e-30	105	260	240
lcl|NC_002745.2_prot_WP_000034846.1_1893	sec3	30.682	264	159	10	10	259	10	263	6.03e-30	104	260	267
lcl|NC_002745.2_prot_WP_000034846.1_1893	sec2	30.037	273	167	10	1	259	1	263	8.33e-30	104	260	267
lcl|NC_002745.2_prot_WP_000034846.1_1893	selv	37.952	166	85	4	102	255	72	231	9.66e-30	103	260	240
lcl|NC_002745.2_prot_WP_000034846.1_1893	selw	31.734	271	150	13	4	257	1	253	1.11e-29	103	260	257
lcl|NC_002745.2_prot_WP_000034846.1_1893	Gr12/ses-3p	33.333	222	137	5	39	258	25	237	1.28e-29	103	260	239
lcl|NC_002745.2_prot_WP_000034846.1_1893	seg	33.810	210	115	9	61	259	61	257	3.11e-28	100	260	259
lcl|NC_002745.2_prot_WP_000034846.1_1893	ser	31.203	266	151	12	7	259	12	258	1.80e-27	97.8	260	260
lcl|NC_002745.2_prot_WP_000034846.1_1893	selu	29.412	272	160	11	4	257	1	258	2.11e-27	97.8	260	262
lcl|NC_002745.2_prot_WP_000034846.1_1893	sec1	28.938	273	170	10	1	259	1	263	3.59e-27	97.4	260	267
lcl|NC_002745.2_prot_WP_000034846.1_1893	Gr11/seh-2p	37.500	152	87	5	36	187	18	161	5.23e-24	86.7	260	176
lcl|NC_002745.2_prot_WP_000034846.1_1893	Gr3/sel27	28.958	259	158	11	9	257	4	246	7.73e-22	82.4	260	250
lcl|NC_002745.2_prot_WP_000746599.1_1956	sel	99.167	240	2	0	1	240	1	240	2.31e-176	476	240	241
lcl|NC_002745.2_prot_WP_000746599.1_1956	Gr4/sel28	59.813	214	84	2	26	238	10	222	1.32e-92	263	240	227
lcl|NC_002745.2_prot_WP_000746599.1_1956	sei	55.882	238	104	1	1	238	1	237	2.04e-92	263	240	243
lcl|NC_002745.2_prot_WP_000746599.1_1956	Gr9/sel32	60.930	215	83	1	24	238	25	238	5.71e-90	257	240	243
lcl|NC_002745.2_prot_WP_000746599.1_1956	selv	56.118	237	99	4	3	238	2	234	3.74e-88	252	240	240
lcl|NC_002745.2_prot_WP_000746599.1_1956	sek	60.648	216	83	2	24	238	23	237	1.37e-86	248	240	243
lcl|NC_002745.2_prot_WP_000746599.1_1956	seq	55.462	238	100	3	4	238	17	251	9.43e-86	247	240	257
lcl|NC_002745.2_prot_WP_000746599.1_1956	Gr5/sel29p	57.346	211	89	1	28	238	17	226	1.04e-82	238	240	226
lcl|NC_002745.2_prot_WP_000746599.1_1956	sem	54.008	237	104	4	3	238	2	234	1.31e-82	238	240	240
lcl|NC_002745.2_prot_WP_000746599.1_1956	Gr6/sel30	39.779	181	90	4	61	235	78	245	7.61e-38	124	240	250
lcl|NC_002745.2_prot_WP_000746599.1_1956	sea	34.404	218	117	5	31	235	48	252	1.15e-35	119	240	258
lcl|NC_002745.2_prot_WP_000746599.1_1956	see	35.294	221	109	6	32	235	49	252	3.80e-35	117	240	258
lcl|NC_002745.2_prot_WP_000746599.1_1956	sed	40.341	176	87	4	66	235	90	253	8.98e-35	116	240	259
lcl|NC_002745.2_prot_WP_000746599.1_1956	sep	37.500	160	82	2	82	235	108	255	2.62e-32	110	240	261
lcl|NC_002745.2_prot_WP_000746599.1_1956	selj	34.389	221	111	5	32	235	49	252	2.19e-31	107	240	269
lcl|NC_002745.2_prot_WP_000746599.1_1956	seo	36.932	176	87	4	68	235	98	257	3.69e-30	104	240	262
lcl|NC_002745.2_prot_WP_000746599.1_1956	Gr8/sel31	34.404	218	114	7	32	235	49	251	2.07e-28	99.8	240	256
lcl|NC_002745.2_prot_WP_000746599.1_1956	Gr1/sel26	34.091	176	95	3	70	239	89	249	4.65e-28	98.6	240	250
lcl|NC_002745.2_prot_WP_000746599.1_1956	ses	37.569	181	86	7	63	235	91	252	3.42e-26	94.0	240	258
lcl|NC_002745.2_prot_WP_000746599.1_1956	sen	30.435	184	104	5	64	239	90	257	5.37e-22	82.8	240	259
lcl|NC_002745.2_prot_WP_000746599.1_1956	Gr10/sel33	30.088	226	123	8	32	239	41	249	6.20e-22	82.4	240	250
lcl|NC_002745.2_prot_WP_000746599.1_1956	sec3	26.937	271	149	7	4	240	9	264	4.76e-20	77.4	240	267
lcl|NC_002745.2_prot_WP_000746599.1_1956	sec1	26.766	269	150	7	5	240	10	264	6.44e-20	77.0	240	267
lcl|NC_002745.2_prot_WP_000746599.1_1956	Gr11/seh-2p	31.429	175	95	5	68	235	77	233	1.31e-19	75.9	240	238
lcl|NC_002745.2_prot_WP_000746599.1_1956	sec2	26.296	270	150	7	5	240	10	264	1.76e-19	75.9	240	267
lcl|NC_002745.2_prot_WP_000746599.1_1956	seh	32.184	174	89	6	75	237	80	235	2.84e-18	72.0	240	242
lcl|NC_002745.2_prot_WP_000746599.1_1956	ser	28.623	276	139	11	1	238	2	257	1.07e-17	70.9	240	260
lcl|NC_002745.2_prot_WP_000746599.1_1956	selu	31.156	199	92	7	68	240	82	261	1.76e-17	70.5	240	262
lcl|NC_002745.2_prot_WP_000746599.1_1956	selw	29.832	238	116	9	32	240	41	256	4.90e-17	68.9	240	257
lcl|NC_002745.2_prot_WP_000746599.1_1956	Gr12/ses-3p	29.952	207	112	7	43	235	47	234	1.18e-16	67.8	240	239
lcl|NC_002745.2_prot_WP_000746599.1_1956	seb	28.826	281	142	11	1	240	1	264	2.47e-16	67.0	240	267
lcl|NC_002745.2_prot_WP_000746599.1_1956	seg	28.761	226	120	9	31	235	48	253	8.75e-16	65.5	240	259
lcl|NC_002745.2_prot_WP_000746599.1_1956	Gr7/ses-2p	29.070	172	99	5	70	235	83	237	3.81e-14	60.5	240	242
lcl|NC_002745.2_prot_WP_000746599.1_1956	Gr11/seh-2p	36.842	95	51	3	68	156	71	162	4.56e-14	59.3	240	176
lcl|NC_002745.2_prot_WP_000746599.1_1956	Gr3/sel27	31.892	185	88	7	77	240	82	249	1.02e-13	59.7	240	250
lcl|NC_002745.2_prot_WP_000746599.1_1956	set	26.984	252	135	12	1	239	1	216	1.35e-06	38.5	240	217
lcl|NC_002745.2_prot_WP_000278088.1_1957	sec3	100.000	266	0	0	1	266	1	266	0.0	544	266	267
lcl|NC_002745.2_prot_WP_000278088.1_1957	sec2	96.241	266	10	0	1	266	1	266	0.0	521	266	267
lcl|NC_002745.2_prot_WP_000278088.1_1957	sec1	94.361	266	15	0	1	266	1	266	0.0	511	266	267
lcl|NC_002745.2_prot_WP_000278088.1_1957	seb	69.288	267	76	3	1	264	1	264	2.32e-132	367	266	267
lcl|NC_002745.2_prot_WP_000278088.1_1957	selu	53.077	260	113	4	13	264	3	261	1.10e-99	283	266	262
lcl|NC_002745.2_prot_WP_000278088.1_1957	selw	53.462	260	107	5	13	264	3	256	3.07e-98	280	266	257
lcl|NC_002745.2_prot_WP_000278088.1_1957	Gr3/sel27	47.104	259	123	7	9	264	2	249	1.44e-71	211	266	250
lcl|NC_002745.2_prot_WP_000278088.1_1957	ser	42.146	261	136	6	10	263	6	258	1.04e-64	194	266	260
lcl|NC_002745.2_prot_WP_000278088.1_1957	seg	43.333	240	124	6	29	263	25	257	6.65e-57	174	266	259
lcl|NC_002745.2_prot_WP_000278088.1_1957	Gr10/sel33	39.608	255	138	7	13	261	3	247	7.72e-54	166	266	250
lcl|NC_002745.2_prot_WP_000278088.1_1957	seo	37.745	204	111	5	65	263	69	261	2.42e-33	113	266	262
lcl|NC_002745.2_prot_WP_000278088.1_1957	sed	33.588	262	156	10	10	264	8	258	5.15e-33	112	266	259
lcl|NC_002745.2_prot_WP_000278088.1_1957	Gr8/sel31	33.716	261	152	9	7	261	8	253	2.02e-31	108	266	256
lcl|NC_002745.2_prot_WP_000278088.1_1957	ses	31.518	257	157	9	10	261	12	254	2.18e-31	108	266	258
lcl|NC_002745.2_prot_WP_000278088.1_1957	sea	31.559	263	158	10	10	263	7	256	1.80e-30	105	266	258
lcl|NC_002745.2_prot_WP_000278088.1_1957	sep	30.682	264	159	10	10	263	10	259	7.07e-30	104	266	261
lcl|NC_002745.2_prot_WP_000278088.1_1957	Gr6/sel30	30.651	261	160	9	11	264	4	250	4.04e-29	102	266	250
lcl|NC_002745.2_prot_WP_000278088.1_1957	see	30.153	262	163	10	10	263	7	256	9.77e-29	101	266	258
lcl|NC_002745.2_prot_WP_000278088.1_1957	selj	30.216	278	157	14	1	263	1	256	1.24e-23	87.8	266	269
lcl|NC_002745.2_prot_WP_000278088.1_1957	Gr7/ses-2p	30.366	191	114	6	77	264	68	242	2.08e-22	84.0	266	242
lcl|NC_002745.2_prot_WP_000278088.1_1957	Gr1/sel26	28.794	257	153	10	15	261	11	247	2.22e-22	84.3	266	250
lcl|NC_002745.2_prot_WP_000278088.1_1957	sen	30.964	197	123	5	67	261	70	255	2.48e-21	81.6	266	259
lcl|NC_002745.2_prot_WP_000278088.1_1957	Gr12/ses-3p	28.856	201	123	6	69	264	54	239	2.93e-21	80.9	266	239
lcl|NC_002745.2_prot_WP_000278088.1_1957	Gr9/sel32	30.702	228	110	8	53	262	41	238	5.25e-21	80.1	266	243
lcl|NC_002745.2_prot_WP_000278088.1_1957	seq	33.862	189	85	7	93	262	84	251	8.46e-20	77.0	266	257
lcl|NC_002745.2_prot_WP_000278088.1_1957	sem	29.808	208	111	5	72	265	51	237	1.56e-19	76.3	266	240
lcl|NC_002745.2_prot_WP_000278088.1_1957	sel	26.937	271	149	8	9	264	4	240	2.83e-18	72.8	266	241
lcl|NC_002745.2_prot_WP_000278088.1_1957	Gr4/sel28	30.918	207	102	9	73	262	40	222	3.33e-17	69.3	266	227
lcl|NC_002745.2_prot_WP_000278088.1_1957	Gr11/seh-2p	28.936	235	142	9	35	264	24	238	9.28e-16	65.5	266	238
lcl|NC_002745.2_prot_WP_000278088.1_1957	selv	27.317	205	114	6	72	262	51	234	3.16e-15	64.3	266	240
lcl|NC_002745.2_prot_WP_000278088.1_1957	seh	28.879	232	146	8	35	264	24	238	3.24e-15	64.3	266	242
lcl|NC_002745.2_prot_WP_000278088.1_1957	Gr5/sel29p	32.624	141	74	7	138	262	91	226	5.14e-15	63.2	266	226
lcl|NC_002745.2_prot_WP_000278088.1_1957	sek	28.000	175	97	4	104	264	80	239	1.79e-13	59.3	266	243
lcl|NC_002745.2_prot_WP_000278088.1_1957	Gr11/seh-2p	29.167	192	105	8	10	196	2	167	2.60e-13	57.8	266	176
lcl|NC_002745.2_prot_WP_000278088.1_1957	sei	27.586	232	127	11	48	262	30	237	1.75e-12	56.2	266	243
lcl|NC_002745.2_prot_WP_001035599.1_1959	tsst-1	99.145	234	2	0	1	234	1	234	3.63e-174	469	234	235
